"","time","accel.x","accel.y","accel.z","rotvel.x","rotvel.y","rotvel.z"
"1",0.0476190476190476,0.09375,-0.953125,0.328125,-1.953125,1.953125,-15.625
"2",0.0952380952380952,0.078125,-0.9375,0.328125,-1.953125,1.953125,-15.625
"3",0.142857142857143,0.09375,-0.953125,0.328125,-3.90625,1.953125,0
"4",0.19047619047619,0.09375,-0.953125,0.328125,0,1.953125,0
"5",0.238095238095238,0.09375,-0.953125,0.328125,0,3.90625,0
"6",0.285714285714286,0.09375,-0.9375,0.328125,0,1.953125,1.953125
"7",0.333333333333333,0.09375,-0.953125,0.328125,0,0,0
"8",0.380952380952381,0.109375,-0.953125,0.328125,-1.953125,1.953125,0
"9",0.428571428571429,0.09375,-0.953125,0.328125,0,0,0
"10",0.476190476190476,0.09375,-0.953125,0.328125,0,0,0
"11",0.523809523809524,0.09375,-0.953125,0.328125,0,0,0
"12",0.571428571428571,0.09375,-0.953125,0.328125,0,0,0
"13",0.619047619047619,0.09375,-0.953125,0.328125,0,0,0
"14",0.666666666666667,0.09375,-0.953125,0.328125,0,0,1.953125
"15",0.714285714285714,0.09375,-0.953125,0.328125,0,0,1.953125
"16",0.761904761904762,0.09375,-0.953125,0.328125,0,0,1.953125
"17",0.80952380952381,0.09375,-0.953125,0.328125,0,1.953125,0
"18",0.857142857142857,0.09375,-0.953125,0.328125,0,0,0
"19",0.904761904761905,0.09375,-0.953125,0.328125,0,1.953125,0
"20",0.952380952380952,0.09375,-0.953125,0.328125,0,1.953125,0
"21",1,0.09375,-0.953125,0.328125,0,1.953125,0
"22",1.04761904761905,0.09375,-0.953125,0.328125,0,0,0
"23",1.0952380952381,0.09375,-0.953125,0.328125,0,0,0
"24",1.14285714285714,0.09375,-0.953125,0.3125,0,0,0
"25",1.19047619047619,0.09375,-0.953125,0.328125,0,0,0
"26",1.23809523809524,0.078125,-0.953125,0.3125,0,0,0
"27",1.28571428571429,0.09375,-0.953125,0.3125,0,0,0
"28",1.33333333333333,0.09375,-0.953125,0.3125,0,0,0
"29",1.38095238095238,0.09375,-0.96875,0.3125,0,0,0
"30",1.42857142857143,0.078125,-0.953125,0.328125,0,0,0
"31",1.47619047619048,0.078125,-0.953125,0.328125,0,0,0
"32",1.52380952380952,0.09375,-0.953125,0.3125,0,0,0
"33",1.57142857142857,0.09375,-0.953125,0.3125,0,-1.953125,0
"34",1.61904761904762,0.09375,-0.9375,0.296875,0,-13.671875,1.953125
"35",1.66666666666667,0.109375,-0.9375,0.296875,1.953125,-15.625,1.953125
"36",1.71428571428571,0.109375,-0.921875,0.296875,1.953125,-19.53125,1.953125
"37",1.76190476190476,0.125,-0.9375,0.28125,3.90625,-29.296875,1.953125
"38",1.80952380952381,0.140625,-0.9375,0.265625,1.953125,-31.25,0
"39",1.85714285714286,0.140625,-0.9375,0.265625,0,-31.25,0
"40",1.9047619047619,0.140625,-0.953125,0.265625,0,-31.25,1.953125
"41",1.95238095238095,0.140625,-0.9375,0.234375,-1.953125,-41.015625,3.90625
"42",2,0.140625,-0.953125,0.234375,-9.765625,-50.78125,3.90625
"43",2.04761904761905,0.203125,-1,0.25,-15.625,-44.921875,7.8125
"44",2.0952380952381,0.21875,-1.0625,0.28125,-19.53125,-17.578125,13.671875
"45",2.14285714285714,0.203125,-0.984375,0.359375,-21.484375,27.34375,23.4375
"46",2.19047619047619,0.1875,-1,0.359375,-17.578125,35.15625,25.390625
"47",2.23809523809524,0.15625,-0.984375,0.34375,-7.8125,31.25,19.53125
"48",2.28571428571429,0.1875,-0.921875,0.328125,-1.953125,33.203125,13.671875
"49",2.33333333333333,0.1875,-0.90625,0.296875,1.953125,35.15625,11.71875
"50",2.38095238095238,0.203125,-0.9375,0.265625,7.8125,35.15625,11.71875
"51",2.42857142857143,0.203125,-1.03125,0.21875,9.765625,31.25,13.671875
"52",2.47619047619048,0.234375,-1.125,0.21875,11.71875,29.296875,17.578125
"53",2.52380952380952,0.25,-1.09375,0.203125,11.71875,29.296875,11.71875
"54",2.57142857142857,0.28125,-0.953125,0.234375,5.859375,54.6875,-5.859375
"55",2.61904761904762,0.109375,-1,0.1875,25.390625,76.171875,-54.6875
"56",2.66666666666667,0.109375,-1,0.1875,25.390625,70.3125,-54.6875
"57",2.71428571428571,0.140625,-1.109375,0.203125,25.390625,60.546875,-52.734375
"58",2.76190476190476,0.15625,-1.09375,0.203125,23.4375,68.359375,-60.546875
"59",2.80952380952381,0.15625,-1,0.1875,17.578125,85.9375,-68.359375
"60",2.85714285714286,0.140625,-0.953125,0.203125,11.71875,99.609375,-70.3125
"61",2.9047619047619,0.125,-0.921875,0.171875,1.953125,105.46875,-60.546875
"62",2.95238095238095,0.125,-0.875,0.1875,-7.8125,107.421875,-44.921875
"63",3,0.125,-0.84375,0.203125,-19.53125,109.375,-23.4375
"64",3.04761904761905,0.171875,-0.8125,0.21875,-29.296875,125,-5.859375
"65",3.0952380952381,0.15625,-0.828125,0.21875,-33.203125,130.859375,7.8125
"66",3.14285714285714,0.09375,-0.953125,0.25,-21.484375,80.078125,1.953125
"67",3.19047619047619,0.109375,-0.984375,0.265625,-17.578125,64.453125,-5.859375
"68",3.23809523809524,0.125,-1.0625,0.28125,-19.53125,54.6875,-15.625
"69",3.28571428571429,0.15625,-1.203125,0.3125,-15.625,62.5,-19.53125
"70",3.33333333333333,0.171875,-1.203125,0.3125,-9.765625,78.125,-25.390625
"71",3.38095238095238,0.15625,-1.03125,0.265625,-9.765625,89.84375,-39.0625
"72",3.42857142857143,0.15625,-0.890625,0.21875,-15.625,101.5625,-37.109375
"73",3.47619047619048,0.171875,-0.921875,0.171875,-17.578125,115.234375,-21.484375
"74",3.52380952380952,0.171875,-1.015625,0.125,-9.765625,109.375,0
"75",3.57142857142857,0.171875,-1,0.0625,-1.953125,93.75,11.71875
"76",3.61904761904762,0.265625,-0.984375,0,-9.765625,52.734375,-7.8125
"77",3.66666666666667,0.265625,-0.984375,0,-7.8125,56.640625,-7.8125
"78",3.71428571428571,0.234375,-1,0.015625,-11.71875,74.21875,-7.8125
"79",3.76190476190476,0.25,-0.984375,0.0625,-9.765625,99.609375,-7.8125
"80",3.80952380952381,0.21875,-0.953125,0.125,-3.90625,111.328125,-5.859375
"81",3.85714285714286,0.1875,-0.96875,0.125,1.953125,117.1875,-5.859375
"82",3.9047619047619,0.109375,-0.953125,0.171875,9.765625,97.65625,-5.859375
"83",3.95238095238095,0.0625,-1,0.21875,13.671875,64.453125,-9.765625
"84",4,0.09375,-1.046875,0.265625,15.625,50.78125,-7.8125
"85",4.04761904761905,0.09375,-1.109375,0.265625,21.484375,42.96875,-3.90625
"86",4.09523809523809,0.078125,-1.203125,0.265625,25.390625,39.0625,0
"87",4.14285714285714,0.125,-0.703125,0.28125,29.296875,33.203125,-37.109375
"88",4.19047619047619,0.09375,-0.71875,0.234375,27.34375,42.96875,-39.0625
"89",4.23809523809524,0.046875,-0.78125,0.234375,31.25,35.15625,-35.15625
"90",4.28571428571429,0,-0.875,0.21875,31.25,7.8125,-23.4375
"91",4.33333333333333,0.015625,-0.96875,0.234375,27.34375,-31.25,-11.71875
"92",4.38095238095238,0.078125,-0.984375,0.265625,21.484375,-48.828125,-7.8125
"93",4.42857142857143,0.0625,-0.90625,0.296875,13.671875,-52.734375,-7.8125
"94",4.47619047619048,-0.03125,-0.859375,0.5625,23.4375,-68.359375,0
"95",4.52380952380952,0,-0.703125,0.28125,5.859375,-93.75,21.484375
"96",4.57142857142857,0.1875,-0.734375,0.359375,-13.671875,-46.875,37.109375
"97",4.61904761904762,-0.015625,-0.921875,0.453125,-17.578125,-31.25,33.203125
"98",4.66666666666667,-0.015625,-0.921875,0.453125,-17.578125,-39.0625,33.203125
"99",4.71428571428571,0.1875,-0.890625,0.28125,-27.34375,-56.640625,19.53125
"100",4.76190476190476,0.40625,-0.953125,0.421875,-29.296875,-13.671875,0
"101",4.80952380952381,0.5,-0.96875,0.375,-25.390625,54.6875,-7.8125
"102",4.85714285714286,0.5,-1.03125,0.25,-35.15625,142.578125,-17.578125
"103",4.90476190476191,0.46875,-1.265625,0.28125,-31.25,222.65625,-27.34375
"104",4.95238095238095,0.46875,-1.21875,0.28125,-5.859375,-224.609375,-42.96875
"105",5,0.265625,-1.171875,0.15625,25.390625,-216.796875,-58.59375
"106",5.04761904761905,-0.0625,-1.328125,0.09375,64.453125,210.9375,-62.5
"107",5.09523809523809,-0.1875,-1.171875,0.125,78.125,85.9375,-66.40625
"108",5.14285714285714,0.21875,-0.9375,0.171875,50.78125,-48.828125,-89.84375
"109",5.19047619047619,0.234375,-0.921875,0.15625,46.875,-5.859375,-80.078125
"110",5.23809523809524,0.203125,-0.875,0.140625,41.015625,29.296875,-68.359375
"111",5.28571428571429,0.140625,-0.828125,0.203125,33.203125,42.96875,-48.828125
"112",5.33333333333333,0.078125,-0.78125,0.171875,19.53125,23.4375,-27.34375
"113",5.38095238095238,0.078125,-0.71875,0.25,0,1.953125,-3.90625
"114",5.42857142857143,0.09375,-0.71875,0.328125,-11.71875,0,13.671875
"115",5.47619047619048,0.078125,-0.734375,0.328125,-21.484375,-9.765625,35.15625
"116",5.52380952380952,0.078125,-0.796875,0.328125,-35.15625,-33.203125,52.734375
"117",5.57142857142857,0.078125,-0.890625,0.34375,-52.734375,-82.03125,68.359375
"118",5.61904761904762,0.421875,-1.484375,0.34375,-37.109375,33.203125,117.1875
"119",5.66666666666667,0.421875,-1.484375,0.34375,-33.203125,33.203125,117.1875
"120",5.71428571428571,0.28125,-1.1875,0.40625,-23.4375,17.578125,101.5625
"121",5.76190476190476,0.15625,-0.859375,0.390625,-25.390625,-33.203125,70.3125
"122",5.80952380952381,0.140625,-0.828125,0.328125,-25.390625,-66.40625,42.96875
"123",5.85714285714286,0.25,-0.859375,0.296875,-9.765625,-60.546875,27.34375
"124",5.90476190476191,0.265625,-0.9375,0.328125,0,-48.828125,17.578125
"125",5.95238095238095,0.1875,-0.9375,0.34375,7.8125,-66.40625,9.765625
"126",6,0.203125,-0.875,0.375,5.859375,-72.265625,0
"127",6.04761904761905,0.28125,-0.84375,0.328125,1.953125,-42.96875,-5.859375
"128",6.09523809523809,0.34375,-0.875,0.359375,0,17.578125,-9.765625
"129",6.14285714285714,0.171875,-0.90625,0.34375,1.953125,103.515625,-11.71875
"130",6.19047619047619,0.15625,-0.9375,0.34375,5.859375,95.703125,-13.671875
"131",6.23809523809524,0.15625,-0.953125,0.328125,9.765625,85.9375,-17.578125
"132",6.28571428571429,0.1875,-1.015625,0.28125,13.671875,83.984375,-23.4375
"133",6.33333333333333,0.1875,-1.125,0.171875,11.71875,82.03125,-33.203125
"134",6.38095238095238,0.15625,-1.40625,0.109375,7.8125,82.03125,-37.109375
"135",6.42857142857143,0.1875,-1.375,0.125,19.53125,76.171875,-41.015625
"136",6.47619047619048,0.203125,-1.140625,0,7.8125,72.265625,-52.734375
"137",6.52380952380952,0.1875,-1.09375,-0.078125,-3.90625,82.03125,-58.59375
"138",6.57142857142857,0.234375,-0.984375,-0.0625,-13.671875,103.515625,-54.6875
"139",6.61904761904762,0.171875,-0.828125,-0.25,-21.484375,156.25,0
"140",6.66666666666667,0.171875,-0.828125,-0.25,-23.4375,156.25,0
"141",6.71428571428571,0.15625,-0.984375,-0.3125,-17.578125,128.90625,19.53125
"142",6.76190476190476,0.21875,-0.984375,-0.296875,-11.71875,125,31.25
"143",6.80952380952381,0.25,-1.0625,-0.25,-3.90625,144.53125,31.25
"144",6.85714285714286,0.21875,-1.09375,-0.203125,3.90625,148.4375,19.53125
"145",6.90476190476191,0.171875,-1.0625,-0.140625,11.71875,128.90625,1.953125
"146",6.95238095238095,0.125,-1.078125,-0.078125,13.671875,97.65625,-15.625
"147",7,0.125,-1.140625,0,17.578125,60.546875,-31.25
"148",7.04761904761905,0.125,-1.140625,0.015625,19.53125,33.203125,-39.0625
"149",7.09523809523809,0.15625,-1.140625,0.078125,23.4375,44.921875,-46.875
"150",7.14285714285714,0.0625,-0.921875,0.28125,23.4375,105.46875,-29.296875
"151",7.19047619047619,0.0625,-0.84375,0.34375,5.859375,117.1875,-41.015625
"152",7.23809523809524,0,-0.875,0.390625,-1.953125,134.765625,-54.6875
"153",7.28571428571429,-0.078125,-0.9375,0.328125,-1.953125,125,-58.59375
"154",7.33333333333333,-0.109375,-0.953125,0.21875,9.765625,85.9375,-54.6875
"155",7.38095238095238,-0.0625,-0.84375,0.21875,13.671875,52.734375,-48.828125
"156",7.42857142857143,-0.03125,-0.84375,0.234375,13.671875,31.25,-41.015625
"157",7.47619047619048,0.015625,-0.859375,0.21875,9.765625,19.53125,-29.296875
"158",7.52380952380952,0.09375,-0.875,0.234375,9.765625,44.921875,-11.71875
"159",7.57142857142857,0.0625,-0.8125,0.234375,0,60.546875,-3.90625
"160",7.61904761904762,0.03125,-0.875,0.3125,-19.53125,27.34375,15.625
"161",7.66666666666667,0.03125,-0.875,0.3125,-19.53125,27.34375,13.671875
"162",7.71428571428571,0.0625,-0.84375,0.359375,-23.4375,9.765625,9.765625
"163",7.76190476190476,0.125,-0.828125,0.375,-25.390625,3.90625,11.71875
"164",7.80952380952381,0.1875,-0.75,0.359375,-29.296875,11.71875,13.671875
"165",7.85714285714286,0.21875,-0.765625,0.34375,-39.0625,13.671875,21.484375
"166",7.90476190476191,0.3125,-0.796875,0.359375,-39.0625,35.15625,31.25
"167",7.95238095238095,0.390625,-0.71875,0.28125,-39.0625,76.171875,37.109375
"168",8,0.28125,-0.734375,0.15625,-33.203125,93.75,25.390625
"169",8.04761904761905,0.1875,-0.921875,0.015625,-29.296875,76.171875,1.953125
"170",8.09523809523809,0.0625,-0.828125,-0.03125,-29.296875,52.734375,-25.390625
"171",8.14285714285714,-0.296875,-0.875,-0.109375,-15.625,-56.640625,-13.671875
"172",8.19047619047619,-0.3125,-0.875,-0.0625,-21.484375,-58.59375,-13.671875
"173",8.23809523809524,-0.25,-0.84375,-0.03125,-15.625,-56.640625,0
"174",8.28571428571429,-0.25,-0.71875,0.09375,-7.8125,-31.25,31.25
"175",8.33333333333333,-0.140625,-0.890625,0.078125,-3.90625,-37.109375,46.875
"176",8.38095238095238,-0.109375,-0.8125,0.109375,-1.953125,-31.25,52.734375
"177",8.42857142857143,-0.125,-0.890625,0.09375,0,-9.765625,66.40625
"178",8.47619047619048,-0.046875,-1,0.140625,9.765625,13.671875,66.40625
"179",8.52380952380952,-0.15625,-1.171875,0.015625,15.625,13.671875,64.453125
"180",8.57142857142857,-0.28125,-1.109375,0,17.578125,-19.53125,50.78125
"181",8.61904761904762,-0.234375,-1.046875,0.03125,-9.765625,-13.671875,-11.71875
"182",8.66666666666667,-0.296875,-1.125,0.03125,-9.765625,-19.53125,-5.859375
"183",8.71428571428571,-0.421875,-1.21875,0.171875,-5.859375,-33.203125,7.8125
"184",8.76190476190476,-0.3125,-1.40625,0.09375,-11.71875,-50.78125,5.859375
"185",8.80952380952381,-0.3125,-1.171875,0,-17.578125,-66.40625,-7.8125
"186",8.85714285714286,-0.28125,-1.171875,0.34375,-5.859375,-35.15625,-7.8125
"187",8.90476190476191,-0.28125,-1.390625,0.375,0,-31.25,-1.953125
"188",8.95238095238095,-0.171875,-1.21875,0.390625,-1.953125,-72.265625,-23.4375
"189",9,0.1875,-1.15625,0.125,-15.625,56.640625,7.8125
"190",9.04761904761905,-0.34375,-1.28125,-0.25,-11.71875,74.21875,1.953125
"191",9.09523809523809,-0.46875,-1.28125,0.171875,-9.765625,-1.953125,3.90625
"192",9.14285714285714,-0.46875,-1.28125,0.171875,-15.625,-5.859375,1.953125
"193",9.19047619047619,-0.4375,-1.375,0.09375,-15.625,0,0
"194",9.23809523809524,-0.34375,-1.328125,0.015625,-13.671875,-1.953125,5.859375
"195",9.28571428571429,-0.265625,-1.1875,0.078125,-5.859375,7.8125,13.671875
"196",9.33333333333333,-0.265625,-1,-0.015625,-7.8125,-29.296875,15.625
"197",9.38095238095238,-0.21875,-0.9375,0.015625,-7.8125,-41.015625,13.671875
"198",9.42857142857143,-0.28125,-0.890625,0.171875,0,-23.4375,11.71875
"199",9.47619047619048,-0.234375,-0.875,0.078125,1.953125,-31.25,11.71875
"200",9.52380952380952,-0.234375,-0.859375,0,5.859375,-29.296875,13.671875
"201",9.57142857142857,-0.171875,-0.8125,0.09375,9.765625,-33.203125,15.625
"202",9.61904761904762,0,-0.5625,0.140625,-1.953125,1.953125,15.625
"203",9.66666666666667,0,-0.5625,0.140625,-3.90625,0,13.671875
"204",9.71428571428571,-0.109375,-0.609375,0.09375,1.953125,-9.765625,0
"205",9.76190476190476,-0.09375,-0.59375,0.109375,7.8125,-7.8125,-7.8125
"206",9.80952380952381,-0.125,-0.65625,0.109375,15.625,7.8125,-17.578125
"207",9.85714285714286,-0.0625,-0.75,0.171875,13.671875,7.8125,-19.53125
"208",9.90476190476191,-0.203125,-0.5625,0.03125,-5.859375,9.765625,-27.34375
"209",9.95238095238095,-0.03125,-0.8125,0.25,-5.859375,-3.90625,-35.15625
"210",10,0,-0.84375,0.296875,-7.8125,5.859375,-41.015625
"211",10.047619047619,-0.0625,-0.859375,0.171875,-5.859375,9.765625,-46.875
"212",10.0952380952381,-0.09375,-0.984375,0.296875,-11.71875,15.625,-52.734375
"213",10.1428571428571,-0.078125,-1.0625,0.09375,-7.8125,19.53125,-48.828125
"214",10.1904761904762,-0.0625,-1.078125,0.125,-9.765625,21.484375,-46.875
"215",10.2380952380952,0,-1.15625,0.1875,-7.8125,23.4375,-48.828125
"216",10.2857142857143,0.046875,-1.09375,0.109375,-5.859375,23.4375,-48.828125
"217",10.3333333333333,0.109375,-1.09375,0.015625,-1.953125,11.71875,-50.78125
"218",10.3809523809524,0.078125,-1,0.0625,-1.953125,5.859375,-50.78125
"219",10.4285714285714,0.0625,-0.953125,0.078125,-5.859375,0,-46.875
"220",10.4761904761905,0.03125,-0.921875,0.03125,-9.765625,-13.671875,-37.109375
"221",10.5238095238095,0.015625,-0.828125,0.015625,-13.671875,-21.484375,-25.390625
"222",10.5714285714286,0.015625,-0.796875,0.0625,-11.71875,-15.625,-7.8125
"223",10.6190476190476,0.046875,-0.890625,-0.078125,-9.765625,-19.53125,35.15625
"224",10.6666666666667,0.046875,-0.890625,-0.078125,-7.8125,-17.578125,37.109375
"225",10.7142857142857,0.109375,-1.0625,0,-11.71875,0,42.96875
"226",10.7619047619048,0.109375,-1.140625,-0.03125,-17.578125,-3.90625,44.921875
"227",10.8095238095238,0.140625,-1.234375,-0.015625,-17.578125,5.859375,50.78125
"228",10.8571428571429,0.125,-1.3125,0,-11.71875,3.90625,54.6875
"229",10.9047619047619,0.078125,-1.171875,-0.046875,-9.765625,15.625,54.6875
"230",10.952380952381,0.125,-1.21875,0.046875,0,3.90625,50.78125
"231",11,0.140625,-1.09375,-0.015625,1.953125,29.296875,41.015625
"232",11.047619047619,0.09375,-1.015625,-0.046875,1.953125,-1.953125,21.484375
"233",11.0952380952381,0.140625,-0.953125,0.03125,3.90625,11.71875,-1.953125
"234",11.1428571428571,-0.0625,-1.03125,0.015625,19.53125,7.8125,-46.875
"235",11.1904761904762,-0.109375,-1.109375,0.078125,25.390625,19.53125,-37.109375
"236",11.2380952380952,-0.546875,-1.21875,0,37.109375,29.296875,-5.859375
"237",11.2857142857143,-0.84375,-1.125,0.015625,52.734375,7.8125,58.59375
"238",11.3333333333333,-0.71875,-0.9375,-0.015625,50.78125,0,119.140625
"239",11.3809523809524,-0.515625,-0.890625,0.078125,39.0625,-3.90625,162.109375
"240",11.4285714285714,-0.375,-0.90625,0.015625,25.390625,-1.953125,195.3125
"241",11.4761904761905,-0.484375,-1.09375,-0.015625,11.71875,-7.8125,203.125
"242",11.5238095238095,-0.703125,-1.03125,-0.0625,-5.859375,27.34375,218.75
"243",11.5714285714286,-0.84375,-1.265625,-0.015625,-9.765625,7.8125,224.609375
"244",11.6190476190476,-0.640625,-0.390625,0.203125,-1.953125,-1.953125,164.0625
"245",11.6666666666667,-0.640625,-0.390625,0.203125,-5.859375,-1.953125,158.203125
"246",11.7142857142857,-0.5625,-0.265625,0.171875,3.90625,-3.90625,99.609375
"247",11.7619047619048,-0.21875,0.03125,0.3125,-7.8125,21.484375,74.21875
"248",11.8095238095238,-0.4375,0.09375,0.25,0,5.859375,29.296875
"249",11.8571428571429,-0.34375,0.0625,0.21875,1.953125,13.671875,-9.765625
"250",11.9047619047619,-0.265625,0.109375,0.171875,1.953125,13.671875,-33.203125
"251",11.952380952381,-0.53125,0.078125,0.140625,3.90625,0,-62.5
"252",12,-0.6875,0,0.0625,3.90625,-19.53125,-83.984375
"253",12.047619047619,-0.5625,-0.109375,0.078125,-3.90625,-17.578125,-101.5625
"254",12.0952380952381,-0.6875,-0.203125,0.171875,-15.625,-27.34375,-150.390625
"255",12.1428571428571,-0.40625,-0.921875,0.265625,-35.15625,-1.953125,240.234375
"256",12.1904761904762,-0.171875,-1.265625,0.171875,-37.109375,23.4375,-248.046875
"257",12.2380952380952,-0.390625,-1.375,0.046875,-41.015625,33.203125,234.375
"258",12.2857142857143,-0.265625,-1.5625,0.171875,-31.25,52.734375,222.65625
"259",12.3333333333333,-0.203125,-1.546875,-0.046875,-27.34375,66.40625,222.65625
"260",12.3809523809524,-0.1875,-1.5625,0.03125,-15.625,54.6875,240.234375
"261",12.4285714285714,-0.3125,-1.453125,-0.140625,-15.625,41.015625,-218.75
"262",12.4761904761905,-0.140625,-1.421875,0,-13.671875,21.484375,-169.921875
"263",12.5238095238095,-0.15625,-1.1875,-0.078125,-17.578125,9.765625,-109.375
"264",12.5714285714286,0.046875,-1.078125,0.109375,-11.71875,-1.953125,-56.640625
"265",12.6190476190476,0.296875,-0.75,0.0625,0,-27.34375,33.203125
"266",12.6666666666667,0.3125,-0.75,0.0625,3.90625,-23.4375,33.203125
"267",12.7142857142857,0.0625,-0.78125,-0.015625,9.765625,-17.578125,50.78125
"268",12.7619047619048,0.046875,-0.96875,0.015625,19.53125,-7.8125,95.703125
"269",12.8095238095238,-0.140625,-1.078125,0,25.390625,-35.15625,126.953125
"270",12.8571428571429,-0.03125,-1.1875,0.109375,31.25,-11.71875,175.78125
"271",12.9047619047619,-0.171875,-1.140625,-0.03125,37.109375,-11.71875,210.9375
"272",12.952380952381,-0.421875,-1.109375,-0.21875,27.34375,-15.625,236.328125
"273",13,-0.34375,-1.390625,0,33.203125,7.8125,-236.328125
"274",13.047619047619,-0.4375,-1.234375,-0.328125,11.71875,1.953125,-218.75
"275",13.0952380952381,-0.5,-1.265625,0.265625,0,25.390625,-216.796875
"276",13.1428571428571,-0.96875,-0.828125,0,7.8125,-33.203125,132.8125
"277",13.1904761904762,-0.609375,-0.484375,0.078125,-5.859375,-48.828125,101.5625
"278",13.2380952380952,-0.578125,-0.140625,0.21875,-17.578125,-70.3125,58.59375
"279",13.2857142857143,-0.40625,-0.1875,0.34375,-13.671875,-56.640625,9.765625
"280",13.3333333333333,-0.3125,-0.171875,0.296875,-11.71875,-44.921875,-5.859375
"281",13.3809523809524,-0.34375,-0.109375,0.3125,-3.90625,-42.96875,-39.0625
"282",13.4285714285714,-0.484375,-0.25,0.40625,-7.8125,-33.203125,-68.359375
"283",13.4761904761905,-0.375,-0.34375,0.234375,-17.578125,3.90625,-85.9375
"284",13.5238095238095,-0.453125,-0.453125,0.3125,-25.390625,0,-146.484375
"285",13.5714285714286,-0.453125,-0.90625,0.15625,-42.96875,7.8125,-189.453125
"286",13.6190476190476,-0.484375,-1.28125,0.109375,-25.390625,68.359375,-216.796875
"287",13.6666666666667,-0.5,-1.46875,0.109375,-21.484375,70.3125,-214.84375
"288",13.7142857142857,-0.484375,-1.609375,0,-13.671875,31.25,-212.890625
"289",13.7619047619048,-0.25,-1.5,-0.15625,-11.71875,23.4375,-205.078125
"290",13.8095238095238,-0.15625,-1.421875,-0.078125,-11.71875,21.484375,-197.265625
"291",13.8571428571429,0.09375,-1.28125,-0.03125,-27.34375,7.8125,-195.3125
"292",13.9047619047619,0.1875,-1.171875,0.109375,-35.15625,1.953125,-183.59375
"293",13.952380952381,0.078125,-1.0625,0,-50.78125,-19.53125,-154.296875
"294",14,0.09375,-0.953125,0.15625,-48.828125,-5.859375,-113.28125
"295",14.047619047619,0,-0.796875,0.21875,-25.390625,0,-64.453125
"296",14.0952380952381,0.015625,-0.71875,0.234375,-3.90625,1.953125,-15.625
"297",14.1428571428571,0.359375,-0.859375,0,25.390625,17.578125,68.359375
"298",14.1904761904762,0.265625,-0.796875,0,13.671875,-15.625,82.03125
"299",14.2380952380952,0.125,-0.953125,0.046875,7.8125,-19.53125,111.328125
"300",14.2857142857143,0,-1.15625,0.046875,13.671875,-9.765625,150.390625
"301",14.3333333333333,-0.015625,-1.390625,0.109375,29.296875,-17.578125,203.125
"302",14.3809523809524,-0.421875,-1.21875,0.046875,35.15625,-19.53125,242.1875
"303",14.4285714285714,-0.359375,-1.609375,0.15625,46.875,3.90625,-216.796875
"304",14.4761904761905,-0.40625,-1.5625,0.03125,44.921875,29.296875,-216.796875
"305",14.5238095238095,-0.484375,-1.484375,-0.328125,27.34375,42.96875,-216.796875
"306",14.5714285714286,-0.515625,-1.53125,0.09375,23.4375,11.71875,-216.796875
"307",14.6190476190476,-0.5,-0.390625,0.296875,0,-42.96875,125
"308",14.6666666666667,-0.375,-0.203125,0.125,-3.90625,-31.25,119.140625
"309",14.7142857142857,-0.40625,-0.125,0.28125,0,-17.578125,83.984375
"310",14.7619047619048,-0.375,0.03125,0.125,0,-1.953125,46.875
"311",14.8095238095238,-0.390625,0,0.203125,1.953125,-3.90625,7.8125
"312",14.8571428571429,-0.4375,0.03125,0.265625,-7.8125,5.859375,-33.203125
"313",14.9047619047619,-0.46875,-0.0625,0.125,-3.90625,1.953125,-52.734375
"314",14.952380952381,-0.421875,-0.171875,0.234375,-9.765625,7.8125,-85.9375
"315",15,-0.671875,-0.296875,0.140625,-13.671875,-1.953125,-125
"316",15.047619047619,-0.640625,-0.453125,0.109375,-21.484375,-7.8125,-152.34375
"317",15.0952380952381,-0.8125,-0.8125,0.125,-41.015625,-23.4375,-181.640625
"318",15.1428571428571,-0.25,-1.15625,0.203125,-56.640625,33.203125,-228.515625
"319",15.1904761904762,-0.28125,-1.046875,-0.09375,-54.6875,37.109375,-248.046875
"320",15.2380952380952,-0.34375,-1.203125,0,-46.875,50.78125,-234.375
"321",15.2857142857143,-0.140625,-1.296875,-0.171875,-41.015625,42.96875,-236.328125
"322",15.3333333333333,-0.125,-1.4375,-0.03125,-35.15625,31.25,-222.65625
"323",15.3809523809524,-0.078125,-1.4375,-0.25,-35.15625,50.78125,-185.546875
"324",15.4285714285714,0.03125,-1.21875,-0.125,-35.15625,21.484375,-166.015625
"325",15.4761904761905,-0.03125,-1.03125,-0.109375,-29.296875,25.390625,-113.28125
"326",15.5238095238095,0.125,-0.984375,0.046875,-21.484375,11.71875,-74.21875
"327",15.5714285714286,0.109375,-0.84375,0.03125,-11.71875,5.859375,-29.296875
"328",15.6190476190476,0.125,-0.8125,-0.0625,35.15625,-9.765625,62.5
"329",15.6666666666667,0.125,-0.890625,-0.078125,35.15625,-11.71875,66.40625
"330",15.7142857142857,0.109375,-1.0625,0,41.015625,-3.90625,105.46875
"331",15.7619047619048,-0.0625,-1.046875,-0.015625,35.15625,-17.578125,142.578125
"332",15.8095238095238,0.015625,-1.328125,-0.078125,33.203125,-13.671875,185.546875
"333",15.8571428571429,-0.171875,-1.125,-0.078125,21.484375,3.90625,220.703125
"334",15.9047619047619,-0.21875,-1.390625,0.203125,33.203125,0,244.140625
"335",15.952380952381,-0.46875,-1.140625,-0.515625,11.71875,19.53125,-246.09375
"336",16,-0.53125,-1.34375,-0.21875,-5.859375,25.390625,-238.28125
"337",16.047619047619,-0.46875,-1.703125,0.046875,-5.859375,9.765625,-242.1875
"338",16.0952380952381,-0.625,-1.234375,-0.3125,-9.765625,5.859375,246.09375
"339",16.1428571428571,-0.5,-0.578125,0.078125,0,-31.25,119.140625
"340",16.1904761904762,-0.328125,-0.328125,0.109375,11.71875,-37.109375,89.84375
"341",16.2380952380952,-0.421875,-0.1875,0.0625,11.71875,-27.34375,58.59375
"342",16.2857142857143,-0.421875,-0.140625,0.03125,17.578125,-41.015625,25.390625
"343",16.3333333333333,-0.421875,-0.078125,0.21875,3.90625,-39.0625,-15.625
"344",16.3809523809524,-0.34375,-0.046875,0.046875,7.8125,-35.15625,-31.25
"345",16.4285714285714,-0.421875,-0.15625,0.0625,0,-44.921875,-68.359375
"346",16.4761904761905,-0.5625,-0.1875,0.140625,-21.484375,-29.296875,-105.46875
"347",16.5238095238095,-0.46875,-0.5625,0.078125,-23.4375,-33.203125,-154.296875
"348",16.5714285714286,-0.40625,-0.765625,0.0625,-39.0625,-23.4375,-216.796875
"349",16.6190476190476,-0.25,-1.390625,-0.1875,-42.96875,37.109375,232.421875
"350",16.6666666666667,-0.25,-1.390625,-0.1875,-42.96875,29.296875,236.328125
"351",16.7142857142857,-0.296875,-1.484375,0.09375,-52.734375,25.390625,-250
"352",16.7619047619048,-0.21875,-1.53125,-0.15625,-42.96875,13.671875,-224.609375
"353",16.8095238095238,-0.0625,-1.5,0.078125,-41.015625,27.34375,-195.3125
"354",16.8571428571429,-0.015625,-1.328125,0,-46.875,15.625,-148.4375
"355",16.9047619047619,0.09375,-1.171875,0.171875,-39.0625,33.203125,-105.46875
"356",16.952380952381,0.03125,-0.9375,0.125,-25.390625,27.34375,-58.59375
"357",17,0.109375,-0.890625,0.09375,-1.953125,33.203125,-17.578125
"358",17.047619047619,0.15625,-0.765625,0.109375,11.71875,31.25,13.671875
"359",17.0952380952381,0.265625,-0.765625,0.03125,19.53125,23.4375,39.0625
"360",17.1428571428571,-0.046875,-1.109375,-0.0625,15.625,-5.859375,123.046875
"361",17.1904761904762,-0.1875,-1.0625,0,11.71875,-25.390625,146.484375
"362",17.2380952380952,-0.203125,-1.1875,0.03125,21.484375,-41.015625,189.453125
"363",17.2857142857143,-0.171875,-1.234375,0.203125,29.296875,-35.15625,224.609375
"364",17.3333333333333,-0.0625,-1.390625,0.3125,29.296875,-17.578125,-246.09375
"365",17.3809523809524,-0.421875,-1.25,0,3.90625,-9.765625,244.140625
"366",17.4285714285714,-0.3125,-1.578125,0.265625,25.390625,11.71875,244.140625
"367",17.4761904761905,-0.609375,-1.234375,-0.09375,17.578125,9.765625,226.5625
"368",17.5238095238095,-0.484375,-1.171875,0.171875,3.90625,19.53125,216.796875
"369",17.5714285714286,-0.59375,-0.9375,0,0,11.71875,181.640625
"370",17.6190476190476,-0.84375,-0.3125,0.25,11.71875,-23.4375,109.375
"371",17.6666666666667,-0.84375,-0.3125,0.25,13.671875,-19.53125,101.5625
"372",17.7142857142857,-0.890625,-0.109375,0.28125,5.859375,-27.34375,39.0625
"373",17.7619047619048,-0.59375,-0.015625,0.140625,-3.90625,-9.765625,0
"374",17.8095238095238,-0.375,-0.140625,0.15625,-3.90625,-17.578125,-39.0625
"375",17.8571428571429,-0.421875,-0.078125,0.203125,-3.90625,-19.53125,-83.984375
"376",17.9047619047619,-0.1875,-0.25,0.265625,-7.8125,5.859375,-113.28125
"377",17.952380952381,-0.46875,-0.4375,0.171875,-13.671875,-15.625,-152.34375
"378",18,-0.40625,-0.75,0.359375,-15.625,1.953125,-181.640625
"379",18.047619047619,-0.4375,-0.796875,0.125,-23.4375,-11.71875,-218.75
"380",18.0952380952381,-0.46875,-1.0625,0.234375,-31.25,0,-240.234375
"381",18.1428571428571,-0.296875,-1.59375,0.28125,-19.53125,37.109375,-234.375
"382",18.1904761904762,-0.390625,-1.34375,0.03125,-27.34375,52.734375,-228.515625
"383",18.2380952380952,-0.25,-1.375,0,-25.390625,54.6875,-189.453125
"384",18.2857142857143,-0.109375,-1.265625,0.078125,-19.53125,42.96875,-158.203125
"385",18.3333333333333,-0.109375,-1.140625,0,-21.484375,35.15625,-123.046875
"386",18.3809523809524,0.03125,-1.0625,0.1875,-13.671875,37.109375,-80.078125
"387",18.4285714285714,-0.046875,-0.875,0.171875,-11.71875,3.90625,-42.96875
"388",18.4761904761905,0.125,-0.8125,0.125,-5.859375,9.765625,-1.953125
"389",18.5238095238095,0.09375,-0.84375,0.265625,3.90625,0,25.390625
"390",18.5714285714286,-0.0625,-0.84375,0,15.625,-5.859375,60.546875
"391",18.6190476190476,-0.453125,-1.25,-0.171875,-1.953125,-39.0625,224.609375
"392",18.6666666666667,-0.453125,-1.25,-0.171875,-3.90625,-37.109375,230.46875
"393",18.7142857142857,-0.328125,-1.546875,0.125,15.625,-35.15625,-246.09375
"394",18.7619047619048,-0.828125,-1.234375,-0.5,0,-27.34375,-230.46875
"395",18.8095238095238,0.03125,-1.8125,0.203125,23.4375,3.90625,-238.28125
"396",18.8571428571429,-0.609375,-1.078125,0,-1.953125,-23.4375,234.375
"397",18.9047619047619,-1.0625,-1.015625,0.28125,1.953125,-25.390625,240.234375
"398",18.952380952381,-0.421875,-1.03125,-0.078125,-7.8125,7.8125,248.046875
"399",19,-1.03125,-0.90625,0.21875,15.625,-21.484375,177.734375
"400",19.047619047619,-0.4375,-0.53125,0.25,3.90625,-3.90625,123.046875
"401",19.0952380952381,-0.515625,-0.1875,0.375,-3.90625,-11.71875,87.890625
"402",19.1428571428571,-0.390625,-0.0625,0.140625,1.953125,31.25,-23.4375
"403",19.1904761904762,-0.484375,-0.03125,0.328125,0,19.53125,-46.875
"404",19.2380952380952,-0.5,-0.09375,0,0,15.625,-66.40625
"405",19.2857142857143,-0.71875,-0.09375,0.03125,-7.8125,-15.625,-95.703125
"406",19.3333333333333,-0.828125,-0.28125,0.078125,-21.484375,-13.671875,-130.859375
"407",19.3809523809524,-0.78125,-0.640625,0.203125,-23.4375,-41.015625,-191.40625
"408",19.4285714285714,-0.46875,-1,0.171875,-33.203125,-13.671875,-201.171875
"409",19.4761904761905,-0.359375,-1.140625,0.328125,-29.296875,0,-250
"410",19.5238095238095,-0.234375,-1.203125,0.09375,-35.15625,15.625,-244.140625
"411",19.5714285714286,-0.140625,-1.109375,0.09375,-39.0625,27.34375,230.46875
"412",19.6190476190476,-0.125,-1.59375,-0.140625,-29.296875,35.15625,-234.375
"413",19.6666666666667,-0.125,-1.59375,-0.140625,-27.34375,35.15625,-228.515625
"414",19.7142857142857,-0.015625,-1.59375,-0.078125,-17.578125,44.921875,-173.828125
"415",19.7619047619048,0,-1.296875,0.046875,-3.90625,31.25,-107.421875
"416",19.8095238095238,0.140625,-0.875,0.203125,-3.90625,37.109375,-50.78125
"417",19.8571428571429,0.15625,-0.640625,0.265625,-11.71875,31.25,-5.859375
"418",19.9047619047619,0.078125,-0.6875,0.03125,0,15.625,21.484375
"419",19.952380952381,0.125,-0.875,0.09375,19.53125,27.34375,62.5
"420",20,-0.09375,-0.8125,0.03125,29.296875,15.625,107.421875
"421",20.047619047619,-0.125,-0.90625,0.03125,17.578125,23.4375,144.53125
"422",20.0952380952381,-0.015625,-1.046875,0.265625,9.765625,-3.90625,189.453125
"423",20.1428571428571,-0.171875,-1.84375,0.09375,-11.71875,-41.015625,-216.796875
"424",20.1904761904762,-0.71875,-1.59375,0,0,-35.15625,-216.796875
"425",20.2380952380952,-0.703125,-1.578125,-0.109375,-23.4375,-33.203125,-216.796875
"426",20.2857142857143,-0.625,-1.546875,0.125,-17.578125,-64.453125,-226.5625
"427",20.3333333333333,-0.65625,-1.390625,0.078125,-1.953125,-21.484375,230.46875
"428",20.3809523809524,-0.484375,-0.84375,0.25,-3.90625,-33.203125,191.40625
"429",20.4285714285714,-0.421875,-0.59375,0.1875,3.90625,-11.71875,144.53125
"430",20.4761904761905,-0.09375,-0.28125,0.421875,1.953125,15.625,113.28125
"431",20.5238095238095,-0.265625,-0.234375,0.296875,3.90625,17.578125,62.5
"432",20.5714285714286,-0.21875,-0.046875,0.265625,9.765625,42.96875,15.625
"433",20.6190476190476,-0.484375,-0.28125,0.140625,0,-29.296875,-123.046875
"434",20.6666666666667,-0.484375,-0.25,0.140625,0,-29.296875,-126.953125
"435",20.7142857142857,-0.375,-0.59375,0.03125,-5.859375,-56.640625,-167.96875
"436",20.7619047619048,-0.578125,-0.859375,0.21875,-7.8125,-62.5,-228.515625
"437",20.8095238095238,-0.390625,-1.15625,0.03125,-29.296875,-29.296875,240.234375
"438",20.8571428571429,-0.34375,-1.203125,0,-37.109375,-11.71875,216.796875
"439",20.9047619047619,-0.21875,-1.5,0.09375,-39.0625,1.953125,216.796875
"440",20.952380952381,-0.140625,-1.5,-0.03125,-42.96875,33.203125,216.796875
"441",21,0.03125,-1.671875,0.21875,-41.015625,64.453125,216.796875
"442",21.047619047619,-0.046875,-1.6875,0.03125,-33.203125,85.9375,246.09375
"443",21.0952380952381,0,-1.5625,0.046875,-23.4375,89.84375,-210.9375
"444",21.1428571428571,0.046875,-0.703125,0.09375,0,27.34375,-25.390625
"445",21.1904761904762,0.1875,-0.6875,0.203125,-1.953125,9.765625,3.90625
"446",21.2380952380952,0.265625,-0.65625,0.015625,5.859375,-5.859375,25.390625
"447",21.2857142857143,0.265625,-0.703125,0.140625,5.859375,-7.8125,44.921875
"448",21.3333333333333,0.078125,-0.6875,0.15625,0,-11.71875,66.40625
"449",21.3809523809524,-0.25,-1,0.078125,-15.625,-17.578125,117.1875
"450",21.4285714285714,-0.03125,-1.421875,0.140625,-17.578125,-33.203125,183.59375
"451",21.4761904761905,-0.484375,-1.1875,-0.203125,-5.859375,-17.578125,-240.234375
"452",21.5238095238095,-0.296875,-1.734375,0.09375,-9.765625,-7.8125,-216.796875
"453",21.5714285714286,-0.21875,-1.8125,-0.015625,-31.25,-11.71875,-216.796875
"454",21.6190476190476,-0.546875,-1.65625,0.171875,-41.015625,7.8125,-222.65625
"455",21.6666666666667,-0.59375,-1.34375,0.171875,-39.0625,7.8125,-226.5625
"456",21.7142857142857,-0.609375,-0.75,0.0625,-33.203125,-23.4375,210.9375
"457",21.7619047619048,-0.359375,-0.4375,0.078125,-17.578125,-33.203125,160.15625
"458",21.8095238095238,-0.328125,-0.125,0.328125,-9.765625,-48.828125,103.515625
"459",21.8571428571429,-0.140625,-0.171875,0.125,-5.859375,-37.109375,50.78125
"460",21.9047619047619,-0.28125,0.046875,0.265625,0,-25.390625,5.859375
"461",21.952380952381,-0.09375,0,0.25,0,-7.8125,-31.25
"462",22,-0.15625,-0.078125,0.0625,7.8125,0,-72.265625
"463",22.047619047619,-0.40625,-0.09375,0.078125,15.625,5.859375,-95.703125
"464",22.0952380952381,-0.5,-0.265625,0.171875,13.671875,-1.953125,-132.8125
"465",22.1428571428571,-0.4375,-0.96875,0.078125,-19.53125,-37.109375,226.5625
"466",22.1904761904762,-0.453125,-1.3125,0.171875,3.90625,-21.484375,216.796875
"467",22.2380952380952,-0.296875,-1.4375,0.125,-19.53125,13.671875,216.796875
"468",22.2857142857143,-0.28125,-1.609375,0.15625,-21.484375,17.578125,216.796875
"469",22.3333333333333,-0.34375,-1.75,0.078125,-15.625,42.96875,222.65625
"470",22.3809523809524,-0.1875,-1.75,0.125,-11.71875,54.6875,-244.140625
"471",22.4285714285714,-0.234375,-1.46875,0.015625,-3.90625,50.78125,-207.03125
"472",22.4761904761905,-0.046875,-1.1875,0.0625,7.8125,68.359375,-154.296875
"473",22.5238095238095,-0.09375,-1.078125,0.34375,1.953125,60.546875,-101.5625
"474",22.5714285714286,-0.03125,-0.921875,0.140625,0,37.109375,-56.640625
"475",22.6190476190476,0,-0.765625,0.234375,-13.671875,-27.34375,78.125
"476",22.6666666666667,0,-0.765625,0.234375,-15.625,-25.390625,83.984375
"477",22.7142857142857,-0.453125,-1.046875,0.015625,-23.4375,-56.640625,140.625
"478",22.7619047619048,-0.5625,-1.375,0,0,-54.6875,226.5625
"479",22.8095238095238,-0.546875,-1.3125,-0.0625,-7.8125,-68.359375,-216.796875
"480",22.8571428571429,-0.09375,-1.859375,0.359375,7.8125,-31.25,-216.796875
"481",22.9047619047619,-0.34375,-1.46875,-0.453125,0,21.484375,-216.796875
"482",22.952380952381,-0.015625,-1.8125,0.359375,-15.625,39.0625,-216.796875
"483",23,-0.875,-1.296875,0.296875,-35.15625,-23.4375,-216.796875
"484",23.047619047619,-0.765625,-1.28125,0,-37.109375,-5.859375,-216.796875
"485",23.0952380952381,-0.671875,-1.4375,-0.015625,0,-5.859375,-244.140625
"486",23.1428571428571,-0.328125,-0.09375,0.453125,-13.671875,-13.671875,56.640625
"487",23.1904761904762,-0.171875,-0.015625,0.265625,-13.671875,19.53125,25.390625
"488",23.2380952380952,-0.21875,-0.046875,0.21875,-1.953125,31.25,1.953125
"489",23.2857142857143,-0.125,0.078125,0.328125,0,33.203125,-21.484375
"490",23.3333333333333,-0.25,-0.03125,0.1875,7.8125,27.34375,-54.6875
"491",23.3809523809524,-0.34375,-0.0625,0.09375,11.71875,21.484375,-85.9375
"492",23.4285714285714,-0.546875,-0.140625,0.125,11.71875,23.4375,-125
"493",23.4761904761905,-0.875,-0.28125,0,0,-11.71875,-167.96875
"494",23.5238095238095,-0.921875,-0.390625,-0.0625,-5.859375,-35.15625,-232.421875
"495",23.5714285714286,-0.328125,-0.90625,0,-21.484375,-62.5,218.75
"496",23.6190476190476,-0.390625,-1.59375,0,-19.53125,1.953125,216.796875
"497",23.6666666666667,-0.390625,-1.59375,0,-19.53125,1.953125,218.75
"498",23.7142857142857,-0.25,-1.53125,-0.09375,-19.53125,68.359375,-244.140625
"499",23.7619047619048,-0.25,-1.625,0.0625,-15.625,46.875,-193.359375
"500",23.8095238095238,-0.390625,-1.328125,0.0625,-11.71875,42.96875,-150.390625
"501",23.8571428571429,-0.15625,-1.484375,0.25,11.71875,64.453125,-78.125
"502",23.9047619047619,0.0625,-1,0.078125,13.671875,72.265625,-21.484375
"503",23.952380952381,-0.078125,-0.734375,0.03125,25.390625,27.34375,-1.953125
"504",24,0.140625,-0.625,0.1875,17.578125,35.15625,23.4375
"505",24.047619047619,0.140625,-0.65625,0.1875,-1.953125,-5.859375,33.203125
"506",24.0952380952381,0.0625,-0.75,0.1875,-11.71875,-19.53125,44.921875
"507",24.1428571428571,-0.484375,-1.578125,0.21875,-23.4375,25.390625,-250
"508",24.1904761904762,-0.4375,-1.421875,-0.140625,-41.015625,0,-222.65625
"509",24.2380952380952,-0.375,-1.484375,-0.09375,-42.96875,17.578125,-216.796875
"510",24.2857142857143,-0.578125,-1.53125,-0.03125,-52.734375,21.484375,-216.796875
"511",24.3333333333333,-0.65625,-1.25,-0.25,-64.453125,17.578125,-216.796875
"512",24.3809523809524,-0.90625,-1.140625,-0.15625,-82.03125,7.8125,-216.796875
"513",24.4285714285714,-1.0625,-1.265625,0,-82.03125,-35.15625,-216.796875
"514",24.4761904761905,-0.921875,-1.25,0,-35.15625,-89.84375,222.65625
"515",24.5238095238095,-0.578125,-0.453125,0.15625,-31.25,-99.609375,166.015625
"516",24.5714285714286,-0.375,-0.234375,0.1875,-15.625,-80.078125,113.28125
"517",24.6190476190476,-0.15625,0.09375,0.1875,7.8125,-15.625,-62.5
"518",24.6666666666667,-0.25,0.0625,0.203125,-1.953125,-23.4375,-99.609375
"519",24.7142857142857,-0.5,-0.09375,0.0625,-11.71875,-68.359375,-169.921875
"520",24.7619047619048,-0.1875,-0.140625,0.296875,-41.015625,-46.875,-216.796875
"521",24.8095238095238,-0.375,-0.5625,0.109375,-66.40625,-42.96875,224.609375
"522",24.8571428571429,0.046875,-1.125,0.15625,-76.171875,-3.90625,216.796875
"523",24.9047619047619,0.171875,-1.796875,0.34375,-58.59375,3.90625,216.796875
"524",24.952380952381,0,-1.484375,0.125,-46.875,46.875,216.796875
"525",25,0,-1.859375,0.390625,-48.828125,46.875,216.796875
"526",25.047619047619,-0.203125,-1.703125,0.078125,-70.3125,50.78125,216.796875
"527",25.0952380952381,0,-1.359375,0.0625,-7.8125,39.0625,-125
"528",25.1428571428571,0.015625,-1.34375,0.078125,3.90625,35.15625,-99.609375
"529",25.1904761904762,0.21875,-1.265625,0.21875,13.671875,25.390625,-33.203125
"530",25.2380952380952,0.203125,-1.15625,0.1875,15.625,-7.8125,15.625
"531",25.2857142857143,0.234375,-0.984375,0.21875,15.625,-1.953125,64.453125
"532",25.3333333333333,0.25,-0.84375,0.265625,19.53125,1.953125,97.65625
"533",25.3809523809524,0.3125,-0.734375,0.3125,33.203125,-21.484375,117.1875
"534",25.4285714285714,0.203125,-0.5625,0.203125,25.390625,-15.625,134.765625
"535",25.4761904761905,0.109375,-0.421875,0.140625,5.859375,0,154.296875
"536",25.5238095238095,0.09375,-0.28125,0.046875,-13.671875,-15.625,150.390625
"537",25.5714285714286,0.390625,-1.578125,0.203125,-1.953125,17.578125,146.484375
"538",25.6190476190476,-0.171875,-1.578125,-0.140625,21.484375,19.53125,97.65625
"539",25.6666666666667,-0.109375,-1.265625,0.078125,13.671875,37.109375,35.15625
"540",25.7142857142857,-0.296875,-1.09375,0.265625,0,87.890625,11.71875
"541",25.7619047619048,-0.1875,-1.109375,0.15625,-9.765625,80.078125,-7.8125
"542",25.8095238095238,-0.1875,-1.0625,0.171875,-7.8125,42.96875,-17.578125
"543",25.8571428571429,-0.296875,-1.15625,0.1875,-3.90625,52.734375,-11.71875
"544",25.9047619047619,-0.34375,-1.09375,0.109375,0,39.0625,-7.8125
"545",25.952380952381,-0.390625,-1.140625,0.09375,1.953125,44.921875,-11.71875
"546",26,-0.75,-1.1875,0.125,-1.953125,64.453125,7.8125
"547",26.047619047619,-0.359375,-0.90625,0,3.90625,15.625,3.90625
"548",26.0952380952381,-0.109375,-1.109375,0,5.859375,21.484375,1.953125
"549",26.1428571428571,-0.28125,-1.046875,0.046875,3.90625,7.8125,3.90625
"550",26.1904761904762,-0.34375,-1.171875,0.015625,5.859375,-11.71875,-11.71875
"551",26.2380952380952,-0.296875,-1.234375,-0.03125,0,7.8125,-11.71875
"552",26.2857142857143,-0.453125,-1.234375,-0.0625,-7.8125,-35.15625,-23.4375
"553",26.3333333333333,-0.5,-1.296875,-0.0625,-13.671875,-15.625,-23.4375
"554",26.3809523809524,-0.453125,-1.3125,-0.015625,-19.53125,-11.71875,-27.34375
"555",26.4285714285714,-0.421875,-1.28125,0.0625,-23.4375,7.8125,-15.625
"556",26.4761904761905,-0.28125,-1.3125,0.015625,-42.96875,-29.296875,-17.578125
"557",26.5238095238095,-0.1875,-1.1875,-0.09375,-41.015625,-5.859375,-9.765625
"558",26.5714285714286,-0.1875,-0.90625,-0.0625,0,-23.4375,-27.34375
"559",26.6190476190476,-0.109375,-0.8125,-0.078125,0,-31.25,-23.4375
"560",26.6666666666667,-0.125,-0.796875,-0.125,3.90625,-19.53125,-17.578125
"561",26.7142857142857,-0.046875,-0.765625,-0.09375,7.8125,-1.953125,-5.859375
"562",26.7619047619048,0.078125,-0.78125,-0.125,25.390625,31.25,15.625
"563",26.8095238095238,0.078125,-0.828125,-0.078125,37.109375,76.171875,39.0625
"564",26.8571428571429,0.03125,-0.828125,-0.09375,35.15625,76.171875,41.015625
"565",26.9047619047619,-0.078125,-0.96875,-0.109375,35.15625,41.015625,27.34375
"566",26.952380952381,-0.234375,-0.9375,-0.234375,31.25,-41.015625,9.765625
"567",27,-0.171875,-0.875,-0.234375,27.34375,-111.328125,0
"568",27.047619047619,-0.015625,-0.53125,0.21875,56.640625,162.109375,44.921875
"569",27.0952380952381,-0.09375,-0.546875,0.234375,50.78125,156.25,42.96875
"570",27.1428571428571,-0.171875,-0.625,0.40625,29.296875,80.078125,29.296875
"571",27.1904761904762,-0.140625,-0.71875,0.65625,27.34375,41.015625,9.765625
"572",27.2380952380952,-0.15625,-0.734375,0.5625,21.484375,19.53125,-1.953125
"573",27.2857142857143,-0.15625,-0.9375,0.546875,25.390625,0,-13.671875
"574",27.3333333333333,-0.15625,-1.09375,0.5625,46.875,-17.578125,-37.109375
"575",27.3809523809524,-0.09375,-1.046875,0.46875,62.5,-37.109375,-68.359375
"576",27.4285714285714,-0.109375,-0.96875,0.375,66.40625,-50.78125,-93.75
"577",27.4761904761905,-0.015625,-0.90625,0.34375,64.453125,-48.828125,-105.46875
"578",27.5238095238095,0.046875,-0.796875,0.3125,54.6875,-29.296875,-109.375
"579",27.5714285714286,0.109375,-0.78125,0.28125,23.4375,46.875,-87.890625
"580",27.6190476190476,0.125,-0.796875,0.265625,21.484375,58.59375,-78.125
"581",27.6666666666667,0.078125,-0.875,0.21875,17.578125,54.6875,-66.40625
"582",27.7142857142857,0.0625,-0.90625,0.203125,13.671875,39.0625,-52.734375
"583",27.7619047619048,0.046875,-1.015625,0.234375,11.71875,15.625,-33.203125
"584",27.8095238095238,0.0625,-0.96875,0.25,7.8125,-19.53125,-9.765625
"585",27.8571428571429,0.125,-0.875,0.3125,0,-48.828125,13.671875
"586",27.9047619047619,0.171875,-1,0.328125,-5.859375,-64.453125,39.0625
"587",27.952380952381,0.21875,-0.90625,0.328125,-13.671875,-83.984375,56.640625
"588",28,0.28125,-0.90625,0.359375,-42.96875,-103.515625,74.21875
"589",28.047619047619,0.375,-0.984375,0.40625,-82.03125,-74.21875,126.953125
"590",28.0952380952381,0.40625,-1.078125,0.421875,-82.03125,-68.359375,128.90625
"591",28.1428571428571,0.390625,-1.234375,0.484375,-78.125,-52.734375,128.90625
"592",28.1904761904762,0.390625,-1.21875,0.5,-60.546875,-27.34375,117.1875
"593",28.2380952380952,0.328125,-1.265625,0.46875,-54.6875,-7.8125,99.609375
"594",28.2857142857143,0.328125,-1.203125,0.53125,-23.4375,1.953125,72.265625
"595",28.3333333333333,0.328125,-0.953125,0.5625,-7.8125,21.484375,37.109375
"596",28.3809523809524,0.21875,-1,0.53125,15.625,37.109375,5.859375
"597",28.4285714285714,0.109375,-0.96875,0.4375,50.78125,15.625,-27.34375
"598",28.4761904761905,0.03125,-0.9375,0.296875,68.359375,-21.484375,-64.453125
"599",28.5238095238095,0.015625,-1.046875,0.28125,70.3125,-44.921875,-89.84375
"600",28.5714285714286,0.109375,-0.984375,0.375,62.5,-7.8125,-113.28125
"601",28.6190476190476,0.046875,-0.90625,0.34375,52.734375,5.859375,-103.515625
"602",28.6666666666667,0.046875,-0.796875,0.40625,37.109375,23.4375,-85.9375
"603",28.7142857142857,0.046875,-0.703125,0.40625,17.578125,39.0625,-62.5
"604",28.7619047619048,0.046875,-0.671875,0.40625,0,50.78125,-33.203125
"605",28.8095238095238,0.0625,-0.671875,0.40625,-15.625,56.640625,-5.859375
"606",28.8571428571429,0.109375,-0.765625,0.4375,-29.296875,64.453125,17.578125
"607",28.9047619047619,0.09375,-0.859375,0.4375,-42.96875,58.59375,39.0625
"608",28.952380952381,0.125,-0.96875,0.4375,-50.78125,46.875,52.734375
"609",29,0.125,-1,0.4375,-58.59375,35.15625,56.640625
"610",29.047619047619,0.171875,-1.0625,0.46875,-19.53125,21.484375,15.625
"611",29.0952380952381,0.15625,-1.03125,0.40625,-17.578125,21.484375,13.671875
"612",29.1428571428571,0.125,-1.09375,0.359375,-1.953125,31.25,-5.859375
"613",29.1904761904762,0.109375,-1.140625,0.390625,19.53125,25.390625,-21.484375
"614",29.2380952380952,0.0625,-1.09375,0.34375,41.015625,3.90625,-33.203125
"615",29.2857142857143,0.046875,-1,0.296875,50.78125,-21.484375,-46.875
"616",29.3333333333333,0.046875,-0.953125,0.28125,50.78125,-42.96875,-56.640625
"617",29.3809523809524,0.09375,-0.921875,0.28125,48.828125,-42.96875,-60.546875
"618",29.4285714285714,0.140625,-0.921875,0.28125,48.828125,-27.34375,-56.640625
"619",29.4761904761905,0.15625,-0.875,0.265625,42.96875,-11.71875,-46.875
"620",29.5238095238095,0.171875,-0.84375,0.296875,35.15625,0,-31.25
"621",29.5714285714286,0.15625,-0.890625,0.328125,-3.90625,13.671875,31.25
"622",29.6190476190476,0.125,-0.859375,0.34375,-5.859375,5.859375,39.0625
"623",29.6666666666667,0.109375,-0.890625,0.34375,-17.578125,-11.71875,50.78125
"624",29.7142857142857,0.078125,-1.015625,0.359375,-31.25,-41.015625,68.359375
"625",29.7619047619048,0.09375,-1.171875,0.375,-37.109375,-62.5,89.84375
"626",29.8095238095238,0.125,-1.1875,0.390625,-31.25,-74.21875,97.65625
"627",29.8571428571429,0.140625,-1.015625,0.40625,-23.4375,-76.171875,82.03125
"628",29.9047619047619,0.109375,-0.859375,0.375,-21.484375,-68.359375,54.6875
"629",29.952380952381,0.09375,-0.859375,0.328125,-17.578125,-58.59375,33.203125
"630",30,0.09375,-0.96875,0.34375,-13.671875,-56.640625,27.34375
"631",30.047619047619,0.09375,-0.78125,0.375,-11.71875,-72.265625,7.8125
"632",30.0952380952381,0.09375,-0.78125,0.375,-11.71875,-68.359375,7.8125
"633",30.1428571428571,0.140625,-0.78125,0.453125,-15.625,-33.203125,9.765625
"634",30.1904761904762,0.140625,-0.765625,0.46875,-23.4375,-3.90625,15.625
"635",30.2380952380952,0.125,-0.796875,0.484375,-29.296875,21.484375,17.578125
"636",30.2857142857143,0.109375,-0.84375,0.53125,-29.296875,35.15625,15.625
"637",30.3333333333333,0.09375,-0.921875,0.53125,-25.390625,41.015625,7.8125
"638",30.3809523809524,0.046875,-1.046875,0.5,-23.4375,37.109375,1.953125
"639",30.4285714285714,0,-1.4375,0.46875,0,11.71875,-3.90625
"640",30.4761904761905,0.03125,-1.296875,0.4375,35.15625,-21.484375,-23.4375
"641",30.5238095238095,0.09375,-0.890625,0.3125,35.15625,-17.578125,-54.6875
"642",30.5714285714286,0.15625,-1.109375,0.3125,56.640625,35.15625,-44.921875
"643",30.6190476190476,0.046875,-1.171875,0.234375,54.6875,33.203125,-31.25
"644",30.6666666666667,0,-1.140625,0.203125,58.59375,11.71875,-25.390625
"645",30.7142857142857,0.015625,-1.03125,0.203125,54.6875,-11.71875,-13.671875
"646",30.7619047619048,0.046875,-1,0.21875,50.78125,-33.203125,-5.859375
"647",30.8095238095238,0.0625,-0.9375,0.203125,44.921875,-50.78125,0
"648",30.8571428571429,0.09375,-0.875,0.203125,35.15625,-56.640625,3.90625
"649",30.9047619047619,0.109375,-0.84375,0.203125,21.484375,-46.875,13.671875
"650",30.952380952381,0.140625,-0.875,0.21875,11.71875,-35.15625,29.296875
"651",31,0.15625,-0.921875,0.265625,3.90625,-29.296875,44.921875
"652",31.047619047619,0.171875,-1.109375,0.265625,-11.71875,-89.84375,70.3125
"653",31.0952380952381,0.171875,-1.109375,0.265625,-11.71875,-95.703125,70.3125
"654",31.1428571428571,0.203125,-1.15625,0.296875,-5.859375,-115.234375,76.171875
"655",31.1904761904762,0.21875,-0.9375,0.328125,-9.765625,-117.1875,72.265625
"656",31.2380952380952,0.234375,-0.828125,0.296875,-17.578125,-97.65625,68.359375
"657",31.2857142857143,0.234375,-0.828125,0.328125,-21.484375,-58.59375,66.40625
"658",31.3333333333333,0.171875,-0.890625,0.328125,-31.25,-33.203125,68.359375
"659",31.3809523809524,0.0625,-1.0625,0.34375,-33.203125,-37.109375,70.3125
"660",31.4285714285714,0.015625,-1.0625,0.296875,-39.0625,-56.640625,70.3125
"661",31.4761904761905,0.0625,-1,0.296875,-48.828125,-48.828125,64.453125
"662",31.5238095238095,0.0625,-0.90625,0.34375,-62.5,-29.296875,64.453125
"663",31.5714285714286,-0.078125,-1.015625,0.34375,-70.3125,-15.625,70.3125
"664",31.6190476190476,-0.0625,-1.015625,0.34375,-60.546875,-23.4375,58.59375
"665",31.6666666666667,-0.0625,-0.890625,0.265625,-56.640625,-13.671875,44.921875
"666",31.7142857142857,-0.15625,-0.90625,0.203125,-52.734375,-17.578125,27.34375
"667",31.7619047619048,-0.296875,-0.953125,0.09375,-44.921875,-48.828125,17.578125
"668",31.8095238095238,-0.265625,-0.953125,0.0625,-37.109375,-44.921875,13.671875
"669",31.8571428571429,-0.3125,-0.921875,0.109375,-31.25,-41.015625,7.8125
"670",31.9047619047619,-0.375,-0.90625,0.09375,-29.296875,-23.4375,5.859375
"671",31.952380952381,-0.40625,-0.890625,0.046875,-31.25,-3.90625,7.8125
"672",32,-0.375,-0.921875,0.078125,-25.390625,11.71875,5.859375
"673",32.0476190476191,-0.375,-0.9375,-0.046875,3.90625,-27.34375,-7.8125
"674",32.0952380952381,-0.375,-0.9375,-0.046875,7.8125,-27.34375,-7.8125
"675",32.1428571428571,-0.375,-0.921875,-0.046875,7.8125,-19.53125,-7.8125
"676",32.1904761904762,-0.375,-0.890625,-0.046875,1.953125,-19.53125,-3.90625
"677",32.2380952380952,-0.3125,-0.859375,-0.015625,-1.953125,1.953125,-1.953125
"678",32.2857142857143,-0.359375,-0.84375,0,-7.8125,9.765625,0
"679",32.3333333333333,-0.359375,-0.859375,0,-11.71875,5.859375,0
"680",32.3809523809524,-0.421875,-0.90625,0,-9.765625,-1.953125,1.953125
"681",32.4285714285714,-0.40625,-0.90625,0,-1.953125,-11.71875,1.953125
"682",32.4761904761905,-0.359375,-0.875,-0.015625,0,-5.859375,3.90625
"683",32.5238095238095,-0.3125,-0.875,-0.03125,1.953125,11.71875,3.90625
"684",32.5714285714286,-0.328125,-0.9375,-0.03125,1.953125,19.53125,0
"685",32.6190476190476,-0.34375,-0.953125,-0.03125,3.90625,19.53125,0
"686",32.6666666666667,-0.34375,-0.921875,-0.015625,5.859375,25.390625,-1.953125
"687",32.7142857142857,-0.40625,-0.90625,0,5.859375,17.578125,0
"688",32.7619047619048,-0.375,-0.890625,-0.015625,7.8125,13.671875,1.953125
"689",32.8095238095238,-0.359375,-0.890625,0,9.765625,23.4375,5.859375
"690",32.8571428571429,-0.375,-0.90625,0,13.671875,29.296875,9.765625
"691",32.9047619047619,-0.40625,-0.90625,-0.015625,13.671875,17.578125,9.765625
"692",32.9523809523809,-0.34375,-0.953125,-0.03125,19.53125,19.53125,9.765625
"693",33,-0.375,-0.953125,-0.015625,19.53125,19.53125,5.859375
"694",33.0476190476191,-0.28125,-0.890625,0.015625,27.34375,29.296875,-3.90625
"695",33.0952380952381,-0.28125,-0.890625,0.015625,27.34375,31.25,-5.859375
"696",33.1428571428571,-0.28125,-0.90625,0.015625,31.25,33.203125,-9.765625
"697",33.1904761904762,-0.28125,-0.859375,0.03125,29.296875,37.109375,-17.578125
"698",33.2380952380952,-0.265625,-0.84375,0.03125,27.34375,54.6875,-21.484375
"699",33.2857142857143,-0.25,-0.828125,0,25.390625,62.5,-21.484375
"700",33.3333333333333,-0.21875,-0.859375,0,25.390625,76.171875,-21.484375
"701",33.3809523809524,-0.1875,-0.859375,-0.015625,27.34375,74.21875,-23.4375
"702",33.4285714285714,-0.171875,-0.890625,-0.0625,31.25,62.5,-27.34375
"703",33.4761904761905,-0.03125,-0.90625,0.0625,39.0625,78.125,-31.25
"704",33.5238095238095,-0.125,-0.953125,-0.125,33.203125,74.21875,-35.15625
"705",33.5714285714286,0.109375,-1.046875,-0.015625,13.671875,56.640625,-66.40625
"706",33.6190476190476,0.0625,-1.109375,-0.015625,15.625,72.265625,-68.359375
"707",33.6666666666667,0.015625,-1.1875,-0.109375,17.578125,60.546875,-78.125
"708",33.7142857142857,0.125,-1.21875,-0.078125,19.53125,66.40625,-76.171875
"709",33.7619047619048,0.234375,-1.21875,-0.03125,33.203125,93.75,-82.03125
"710",33.8095238095238,0.203125,-1.1875,0.046875,41.015625,156.25,-68.359375
"711",33.8571428571429,0.078125,-1.21875,0.03125,42.96875,150.390625,-46.875
"712",33.9047619047619,-0.0625,-1.046875,0.1875,25.390625,83.984375,-27.34375
"713",33.9523809523809,0.109375,-0.921875,0.15625,1.953125,83.984375,-9.765625
"714",34,0.046875,-1,0.15625,-7.8125,101.5625,11.71875
"715",34.0476190476191,0.078125,-0.90625,0.25,-9.765625,64.453125,33.203125
"716",34.0952380952381,0.078125,-0.90625,0.25,-9.765625,68.359375,31.25
"717",34.1428571428571,0.0625,-0.875,0.3125,-3.90625,58.59375,27.34375
"718",34.1904761904762,0.015625,-0.875,0.296875,3.90625,50.78125,21.484375
"719",34.2380952380952,0.015625,-0.875,0.3125,7.8125,31.25,11.71875
"720",34.2857142857143,0.015625,-0.9375,0.34375,11.71875,19.53125,9.765625
"721",34.3333333333333,0.03125,-1,0.421875,21.484375,15.625,1.953125
"722",34.3809523809524,0.03125,-1,0.421875,33.203125,9.765625,-3.90625
"723",34.4285714285714,0,-0.984375,0.375,41.015625,-3.90625,-13.671875
"724",34.4761904761905,0.015625,-0.984375,0.3125,44.921875,-11.71875,-25.390625
"725",34.5238095238095,-0.015625,-0.9375,0.328125,48.828125,-11.71875,-27.34375
"726",34.5714285714286,0,-0.921875,0.25,35.15625,-54.6875,-27.34375
"727",34.6190476190476,0,-0.953125,0.25,31.25,-72.265625,-15.625
"728",34.6666666666667,0.015625,-0.890625,0.296875,23.4375,-82.03125,-5.859375
"729",34.7142857142857,0.140625,-0.796875,0.296875,11.71875,-68.359375,3.90625
"730",34.7619047619048,0.15625,-0.734375,0.28125,0,-50.78125,15.625
"731",34.8095238095238,0.21875,-0.796875,0.3125,-11.71875,-33.203125,33.203125
"732",34.8571428571429,0.265625,-0.859375,0.3125,-25.390625,-33.203125,48.828125
"733",34.9047619047619,0.296875,-0.984375,0.390625,-31.25,-35.15625,62.5
"734",34.9523809523809,0.3125,-1.015625,0.34375,-37.109375,-46.875,70.3125
"735",35,0.328125,-0.96875,0.390625,-44.921875,-64.453125,70.3125
"736",35.0476190476191,0.234375,-1.03125,0.5,-46.875,-3.90625,44.921875
"737",35.0952380952381,0.234375,-1.03125,0.5,-44.921875,-3.90625,44.921875
"738",35.1428571428571,0.21875,-1,0.484375,-35.15625,-15.625,33.203125
"739",35.1904761904762,0.21875,-0.96875,0.46875,-23.4375,-11.71875,23.4375
"740",35.2380952380952,0.203125,-0.953125,0.4375,-7.8125,-7.8125,13.671875
"741",35.2857142857143,0.15625,-0.984375,0.40625,7.8125,-15.625,3.90625
